,Capacity,VarCost,Emissions,Conversion_Factor
NG,30,27.53453328,0.575830892,0.300490591
HPs,100,0,0,0.007253325
