Costs,Emissions,,
3.23E+06,67588.39931,,
3.75E+06,78500.19613,16.14%,16.14%
3.28E+06,68530.62889,-12.70%,-12.70%
3.25E+06,67896.41432,-13.51%,-13.51%
