Costs,Emissions
3.2318777194890766e6,67588.39930655723
3.7536476296884534e6,78500.19613105989
3.2466060880288105e6,67896.414318386
3.2466060880288105e6,67896.414318386
