Costs,Emissions,,
4.48E+06,93625.14927,,
4.53E+06,94803.84028,1.26%,1.26%
4.50E+06,94191.12088,-0.65%,-0.65%
4.49E+06,93888.46288,-0.32%,-0.32%
